{
  "project_info": {
    "project_number": "542030784393",
    "firebase_url": "https://songbadhbd-8410e.firebaseio.com",
    "project_id": "songbadhbd-8410e",
    "storage_bucket": "songbadhbd-8410e.appspot.com"
  },
  "client": [
    {
      "client_info": {
        "mobilesdk_app_id": "1:542030784393:android:2f7d9c938ff0bc85",
        "android_client_info": {
          "package_name": "com.songbadhbd.app"
        }
      },
      "oauth_client": [
        {
          "client_id": "542030784393-k22i20911lbbo00jb7vlfee9umhov57r.apps.googleusercontent.com",
          "client_type": 3
        }
      ],
      "api_key": [
        {
          "current_key": "AIzaSyC2VPS36V8dhKN2v81kWpoMWjieRStUz34"
        }
      ],
      "services": {
        "analytics_service": {
          "status": 1
        },
        "appinvite_service": {
          "status": 1,
          "other_platform_oauth_client": []
        },
        "ads_service": {
          "status": 2
        }
      }
    }
  ],
  "configuration_version": "1"
}